Nom de la gare;Total Voyageurs 2022
Abbaretz;40825
Ablon-sur-Seine;1203692
Achères Grand Cormier;177092
Acheux - Franleu;2
Aigrefeuille le Thou;51200
Aigueperse;70599
Aillevillers;5628
Ailly-sur-Somme;133695
Albias;26119
Albigny - Neuville;331589
Allée Royale T13;0
Amplepuis;314879
Andelot-en-Montagne;25960
Angers Maître École;33549
Angerville;151343
Anzeling;1081
Arbanats;51865
Arc-et-Senans;77323
Arcy-sur-Cure;4514
Argenteuil;16033835
Argenton-sur-Creuse;199166
Arles;781295
Arnage;10403
Arrou;11613
Aubazines - Saint-Hilaire;9738
Aubiat;7790
Aubigny-au-Bac;28473
Aubrives;11188
Auch;261165
Auray;1110096
Auterive;356140
Auxonne;362209
Avord;53799
Avoudrey;22034
Aytré Plage;13419
Azay-le-Rideau;112458
Azerailles;11158
Babinière;53740
Bagneaux-sur-Loing;24011
Bagnols-sur-Cèze;18495
Balsièges Bourg;26
Bannalec;41701
Bantzenheim;6457
Barenton-Bugny;11089
Bas Évette;11503
Bassens;60486
Bayard;119
Bayon;163022
Bayonne;1322129
Baziège;94556
Beautiran;345518
Beauvoir-sur-Niort;38082
Bédarieux;35301
Belfort;1245496
Bena Fanes;86
Bénestroff;10350
Bernay;544544
Béziers;1490704
Biache-Saint-Vaast;63288
Biarritz;731466
Bièvres;352463
Bischoffsheim;118917
Boisset;368
Boissy-l'Aillerie;255631
Bolquère - Eyne;4537
Bondy;14605023
Bonnemain;5434
Boran-sur-Oise;41848
Boulainvilliers;2585668
Boulazac;17196
Bourg-Bruche;9285
Bourg-en-Bresse;1816923
Bourges;1148025
Bourgoin-Jallieu;1846340
Bourgtheroulde - Thuit-Hébert;11589
Bouthéon;38939
Brandérion;11356
Brassac-les-Mines - Sainte-Florine;111809
Breil-sur-Roya;67208
Brélidy - Plouëc;3917
Bretenoux - Biars;21440
Bréval;308723
Brignac;249
Broye;6581
Bussac-Forêt;3818
Busseau sur Creuse;1484
Calais - Fréthun;688087
Calonne-Ricouart;30702
Cannes;4487177
Capdenac;164724
Carantilly - Marigny;0
Carbonne;301802
Carnoles;677784
Carpentras;276232
Castelsarrasin;114255
Cattenières;397
Cergy Saint-Christophe;6961854
Cessieu;53457
Ceyzériat;5267
Chabanais;0
Chabenet;135
Chamarande;146618
Chambéry - Challes-les-Eaux;4316253
Chamonix-Mont-Blanc;170534
Chamousset;38042
Champ de Courses d'Enghien;1974639
Champagne-Ardenne TGV;1033729
Chanteloup-les-Vignes;948491
Chantenay-Saint-Imbert;9463
Chapeauroux;1454
Chaponval;47276
Chartrettes;44116
Châteaubourg;548808
Châteaudun;180998
Château-Renault;101627
Château-Thierry;1482999
Châtel-Censoir;6712
Chauffailles;42962
Chaumont;352144
Chaumont-en-Vexin;294064
Chaville - Vélizy;1243912
Cheilly-lès-Maranges;17507
Chelles - Gournay;9379970
Chemillé-en-Anjou;160348
Chemin d'Antony;330557
Chenonceaux;61257
Cherbourg;587973
Chevaigné;75065
Chocques;2735
Cholet;613049
Chorges;26842
Chouzy-sur-Cisse;738
Clamart;1725465
Clion sur Seugne;0
Collonges - Fontaines;120763
Combourg;377445
Combs-la-Ville - Quincy;3181458
Compans;35359
Conches-en-Ouche;47956
Condé-sur-Huisne;24077
Corbehem;27638
Cormery;127431
Corseul - Languenan;1764
Coudekerque-Branche;11117
Couiza - Montazels;698
Courbevoie;4387299
Courcay - Tauxigny;3194
Courtalain - Saint-Pellerin;7012
Coussac-Bonneval;251
Cransac;4989
Creutzwald;1386
Croix du Prince;5957
Croix Sainte;5138
Crouy;563
Cuinchy;34787
Dannemarie;97869
Darsac;2133
Decize;100407
Dégagnac;382
Deluz;2682
Dieppe;638243
Digoin;31506
Distroff;25900
Douai;2964246
Drancy;7412637
Drusenheim;127999
Duttlenheim;158982
Ecully - Tassin;233074
Éguzon-Chantôme;10316
Elbeuf - Saint-Aubin;251017
Éloyes;41095
Entzheim Aéroport;335219
Epfig;37423
Épierre - Saint-Léger;31647
Épouville;1173
Err;581
Étang-sur-Arroux;105170
Évian-les-Bains;241382
Évron;148718
Farbus;1070
Farschviller;22573
Fécamp;176364
Feuquières - Fressenneville;860
Firminy;230206
Flaxlanden;10067
Folligny;6633
Fons - Saint-Mamert;13997
Fontenay-le-Fleury;2614566
Fontpédrouse;4448
Fougeray - Langon;21801
Fourchambault;25260
Fraisses - Unieux;1337
Franchet d'Esperey;123709
Franois;9331
Frévin-Capelle;2396
Fumay;80873
Gagny;5305596
Gandrange - Amnéville;3965
Gannes;2867
Garchizy;17
Garges - Sarcelles;14813702
Genlis;309879
Génolhac;31793
Germaine;20297
Gilley;25658
Gimont Cahuzac;59368
Givet;104593
Glos - Montfort;0
Golfe Juan Vallauris;372400
Goncelin;379638
Gorges;75277
Gournay - Ferrières;8298
Graffenstaden;26235
Gravelines;42591
Gravigny Balizy;404265
Grigny le Sablon;117683
Grisolles;121958
Gros Noyer Saint-Prix;1634111
Guignicourt;158004
Gujan-Mestras;438839
Habsheim;184145
Hachette;26
Halte de Fontanil – Lycée de Drap;37402
Ham-en-Artois;2550
Hangest-sur-Somme;45553
Hasenrain;0
Hautmont;54912
Hayange;5315
Heilly;8233
Hénin-Beaumont;495756
Herrlisheim-près-Colmar;58589
Hesdigneul-lès-Boulogne;28112
Hesdin;45253
Hombourg-Haut;12961
Houdan;607515
Issoudun;197012
Ivry-sur-Seine;4107947
Jacques Monod la Demi-Lieue;7077
Janzé;215585
Jœuf;42342
Joncet;101
Kalhausen;14724
Kerhuon;39605
Kuntzig;1355
La Barasse;13658
La Basse Indre - Saint-Herblain;36375
La Bastide - Saint-Laurent-les-Bains;26451
La Brillanne - Oraison;30411
La Chapelle-sur-Erdre;29796
La Chaumusse - Fort-du-Plasne;1843
La Couronne Carro;42629
La Crau;98175
La Faloise;10600
La Fère;116927
La Frette - Montigny;957431
La Gouesnière - Cancale - Saint-Méloir-des-Ondes;72140
La Grand-Combe;28946
La Haie-Fouassière;139927
La Méaugon;86
La Miouze - Rochefort;1
La Pomme;14500
La Redonne Ensuès;62581
La Ricamarie;13937
La Rivière-Drugeon;30392
La Seyne - Six-Fours;348603
La Taye;13116
La Teste-de-Buch;395380
La Trinité Victor;49685
La Valbonne;211394
La Verpillière;1036063
La Ville Gozet;466
Lacelle;1830
L'Aiguille;3242
Lamanon;42006
Lamballe;611161
Lamothe-Landerron;1601
Lamothe-Montravel;9465
Landébia;1784
Landerneau;769296
Lantenay;17267
Laon;827364
Lapeyrouse;8109
Larche;3
Lardenne;16374
L'Argentière Les Écrins;52309
Lavaufranche;936
Lavaur;149312
Lavoûte-sur-Loire;12993
Le Blanc-Mesnil;3347231
Le Breuil-sur-Couze;41661
Le Buet;2857
Le Buisson-de-Cadouin;45599
Le Mans hôpital-université;0
Le Monastier-Pin-Moriès;458
Le Pénity;6674
Le Pont-de-Beauvoisin;166219
Le Quesnoy;423766
Le Rouget;6750
Le Teich;293496
Le Teil;7355
Le Trayas;12545
Lentilly;302612
Les Aubrais;1286538
Les Clairières de Verneuil;459575
Les Fontinettes;28971
Les Lacs;19437
Les Mureaux;4588884
Les Perrières;1369
Les Rosiers-sur-Loire;66880
Les Sables-d'Olonne;534771
Les Versannes;2636
L'Escarène;28387
L'Étang-la-Ville - Les Sablons;0
Lexos;14578
Liancourt-Saint-Pierre;26872
Libercourt;774844
Lille CHR;312323
Limay;810884
L'Isle-Jourdain;295866
Liverdun;35166
Livron-sur-Drôme;82275
Loches;184591
Longpont;238
Longueau;430759
Lons-le-Saunier;412898
Loreux;11593
Loriol-sur-Drôme;79347
Lorraine TGV;458149
Louhans;33536
Loulay;896
Loures - Barbazan;1807
Louroux-de-Bouble;3290
Lozanne;344722
Luant;1741
Lubersac;218
Luçay-le-Mâle;30316
Lucé;16305
Ludon-Médoc;60311
Lumes;20714
Lurbe-Saint-Christau;1053
Lusignan;54052
Lutzelbourg;70226
Lutzelhouse;138935
Luzenac - Garanou;11181
Luzy;35713
Lycée Henri Sellier;1648127
Lyon Saint-Exupéry TGV;1666530
Lyon Vaise;914111
Magalas;9554
Magenta;33045860
Magland;30381
Maisons-Alfort - Alfortville;11252775
Maisse;137968
Mâlain;62336
Malesherbes;336626
Malling;33
Manosque - Gréoux-les-Bains;89993
Marcelcave;56264
Mareil-Marly;0
Maresquel-Ecquemicourt;2151
Margut - Fromy;239
Marly-le-Roi;1881402
Marmande;541375
Marquillies;10440
Marseillan Plage;15658
Martigues;35042
Marvejols;17798
Massy TGV;2589355
Maule;252944
Maurecourt;665925
Maurois;255
Maurs;10054
Mauves-sur-Loire;32165
Mauzac-et-Grand-Castang;1476
Mayet;23316
Mazamet;68204
Menars;544
Mérens-les-Vals;6957
Mériel;401661
Méroux;50340
Messac - Guipry;329671
Metz Nord;48453
Meurchin;46325
Meursault;16073
Meximieux - Pérouges;715335
Mézériat;46871
Milhac-d'Auberoche;0
Milhaud;3616
Moirans;797125
Mommenheim;258153
Monnaie;48872
Montaignac-Saint-Hippolyte;1908
Montbard;378406
Montbizot;30758
Montbrison;143348
Montigny - Beauchamp;4595524
Montigny-sur-Loing;177306
Montlaur;3565
Montluel;509152
Montmorillon;42964
Montpellier Sud de France;1660814
Montrabé;45468
Montreuil sur Mer;41868
Montreux-Vieux;72246
Montville;144073
Moosch;42549
Morcenx;233950
Moulins sur Allier;763246
Mulhouse;5056324
Mulhouse Dornach;186927
Mullerhof;7531
Munster;228245
Namps - Quevauvillers;1381
Nançois - Tronville;1191
Nanterre Université;8029557
Négrondes;7557
Neuves-Maisons;34792
Neuvy-Pailloux;18570
Nevers Le Banlay;84156
Nézel - Aulnay;68248
Nîmes Pont du Gard;745834
Niolon;65602
Noisy-le-Roi;0
Novillars;6281
Noyon;591874
Nuits sous Ravières;43191
Oderen;23064
Oissel;388748
Orangis Bois de l'Épine;2087412
Orgerus - Béhoust;184840
Osny;493755
Osséja;800
Ossès - Saint-Martin-d'Arrossa;5840
Oyonnax;125454
Pagny-le-Château;12001
Paris Austerlitz;19515861
Paris Saint-Lazare;102910589
Peille;17444
Penhoët;64777
Petit-Croix;25955
Peyrilhac - Saint-Jouvent;1191
Picon Busserine;14851
Pierre-Buffière;19554
Pierrefitte - Stains;10628690
Pierrelatte;265859
Pins-Justaret;128776
Plerguer;1728
Plougonver;6494
Pommevic;0
Pont Cardinet;7490334
Pont de Briques;2047
Pont de Dore;49245
Pont de Rungis Aéroport d'Orly;565341
Pont du Garigliano - Hôpital Européen Georges Pompidou;2199909
Pont Petit;235584
Pontarlier;257295
Pont-à-Vendin;95291
Pont-de-l'Arche;8398
Pont-de-Veyle;53491
Pont-du-Casse;0
Pontgibaud;1
Pont-Saint-Vincent;48496
Pornic;207613
Port-de-Bouc;38498
Portets;123754
Prades - Molitg-les-Bains;20067
Prouvy - Thiant;2278
Puget-Ville;23967
Puyoô;60356
Quesnoy-le-Montant;0
Quimperlé;409857
Rambouillet;3874743
Reignac-sur-Indre;14273
Rezé Pont Rousseau;183745
Ribeauvillé;80
Ribécourt;128703
Rivarennes;27365
Rive-de-Gier;680366
Rivesaltes;129029
Roanne;944259
Rodez;265408
Rognac;223205
Rombas - Clouange;58928
Roppenheim;17120
Roquebrune-Cap-Martin;112595
Roquesérière - Buzet;468
Rosny Bois Perrier;5348239
Rosny-sur-Seine;416761
Rouen Rive Droite;6977129
Rougemont Chanteloup;1642841
Rountzenheim;40769
Route de Launaguet;183
Rully;37542
Russ Hersbach;83263
Saint-André-de-Cubzac;620862
Saint-Armel;9486
Saint-Astier;180909
Saint-Aubin - Saint-Luperce;23878
Saint-Aulaire;5077
Saint-Ay;26166
Saint-Blaise-la-Roche Poutay;55525
Saint-Brieuc;1610864
Saint-Claude;34580
Saint-Cloud;8275307
Saint-Cyprien;14472
Saint-Cyr Les Lecques - La Cadière;366619
Saint-Cyr-en-Val La Source;75227
Saint-Cyr-l'École;3907455
Sainte-Cécile-d'Andorge;1493
Sainte-Foy-la-Grande;212685
Saint-Émilion;121804
Saint-Fargeau;99778
Saint-Fons;79274
Saint-Georges-d'Aurac;12809
Saint-Geours-de-Maremne;8147
Saint-Germain - Saint-Rémy;0
Saint-Germain-au-Mont-d'Or;461731
Saint-Germain-en-Laye Bel-Air - Fourqueux;0
Saint-Germain-en-Laye Grande Ceinture;0
Saint-Gildas-des-Bois;32703
Saint-Hilaire - Saint-Nazaire;92489
Saint-Hilaire-de-Chaléons;26154
Saint-Hilaire-sur-Helpe;21
Saint-Jean-de-Losne;65862
Saint-Laurent-d'Aigouze;2259
Saint-Léonard;266
Saint-Léonard-de-Noblat;36609
Saint-Loubès;134418
Saint-Médard-d'Eyrans;82136
Saint-Nabord;10246
Saint-Nazaire;1128848
Saint-Omer-en-Chaussée;8454
Saint-Patrice;21129
Saint-Pé-de-Bigorre;93
Saint-Pierre-des-Corps;3784800
Saint-Pierre-la-Cour;38897
Saint-Pol-sur-Ternoise;145944
Saint-Quentin;1207993
Saint-Romain-de-Popey;18455
Saint-Rome-de-Cernon;3345
Saint-Saviol;37650
Saint-Sulpice - Izon;118208
Saint-Sulpice (Tarn);576379
Saint-Victor - Thizy;27710
Saint-Yrieix-la-Perche;26703
Salbris;289499
Salon-de-Provence;258190
Sarralbe;2754
Sarrance;1571
Sarrebourg;744777
Sausset-les-Pins;69814
Savonnières;2399
Savy-Berlette;23412
Sceaux - Boëssé;7451
Schirmeck - La Broque;355544
Schopperten;19397
Schwindratzheim;79794
Sens;1255039
Séon Saint-Henri;0
Serdinya;418
Serquigny;31539
Sèvres - Ville-d'Avray;2602668
Sierck-les-Bains;4111
Simandre-sur-Suran;11488
Simiane;150351
Sin-le-Noble;27058
Siorac-en-Périgord;15901
Solliès-Pont;100993
Souillac;136290
Souppes - Château-Landon;563770
Steinbourg;21947
Sucé-sur-Erdre;165475
Suèvres;219
Survilliers - Fosses;1745412
Sury-le-Comtal;28997
Tagolsheim;0
Taillebourg;0
Taverny;1535829
Templeuve;593652
Thenissey;3923
Théoule-sur-Mer;19850
Thiviers;115906
Thourotte;47726
Torfou-Tiffauges;0
Touët-de-l'Escarène;3462
Toulon;4439452
Trémolat;4335
Tulle;157594
Tullins Fures;398404
Turckheim;41049
Turenne;791
Urçay - La Perche;885
Urt;6270
Val-de-Vesle;21301
Valdieu;0
Valenciennes;2875726
Vallorcine;23648
Vandières;11202
Vannes;2019329
Varangéville - Saint-Nicolas;348189
Vaucresson;1723886
Vauxaillon;7747
Vaux-sous-Aubigny;0
Vayrac;118
Veauche - Saint-Galmier;72299
Veigné;9969
Véretz - Montlouis;45202
Vermenton;9893
Verneuil-sur-Serre;6503
Verneuil-sur-Vienne;0
Vernouillet - Verneuil;2641905
Verzeille;679
Viaduc Sainte-Marie;1186
Vias;12291
Vieilleville;2430
Vierzon Forges;3307
Villabé;169143
Villars-les-Dombes;454412
Villefranche-de-Lauragais;263590
Villefranche-du-Périgord;324
Villefranche-sur-Saône;2450701
Villenave-d'Ornon;12404
Villeneuve-le-Roi;1302024
Villeneuve-sur-Yonne;69430
Villeperdue;68668
Villers sur Thère;0
Vinay;179020
Vinça;6137
Vincelles;4959
Vire;92269
Viroflay Rive Droite;2426142
Viry-Châtillon;2061155
Vosves;30173
Voyenne;7538
Walbourg;38124
Waligator Parc;8555
Wambaix;170
Wavrin;69296
Willer-sur-Thur;30849
Wilwisheim;49664
Wimille - Wimereux;37020
Yffiniac;29106
Zetting;11963
Achiet-le-Grand;80648
Aéroport Charles de Gaulle 1;6584031
Aéroport Charles de Gaulle 2 TGV;12949183
Agen;1540511
Aiguebelette-le-Lac;4046
Aiguebelle;73947
Aigues-Mortes;11325
Aix-en-Provence;603811
Alaï;48664
Albertville;323762
Albi;531922
Allassac;23681
Allenc;409
Altkirch;292711
Ambazac;35478
Amifontaine;15468
Andilly;0
Anizy - Pinon;97130
Annecy;2817701
Anor;18987
Antibes;2593610
Argentière;16320
Arras;3920113
Aspres-sur-Buëch;3469
Aubigné-Racan;15606
Aubigny-en-Artois;21509
Auboué;2001
Augy Vaux;0
Aulnat Aéroport;10248
Aurec-sur-Loire;69604
Aurillac;133725
Auvers-sur-Oise;103170
Avenue Henri Martin;668376
Avignon Centre;2775924
Ax-les-Thermes;87663
Bagnac-sur-Célé;2867
Bailleul;1050990
Bailleul-Sir-Berthoult;647
Bains-les-Bains;3181
Ballancourt-sur-Essonne;400923
Ballersdorf;0
Baraqueville Carcenac Peyralès;13212
Baroncourt;20257
Base Aérienne;2079
Batz-sur-Mer;26382
Baule;23367
Béard;1688
Beaucaire;47307
Beaumont-le-Roger;12724
Beaune;1034289
Beaurainville;22374
Beauvoisin;15736
Bédarrides;17713
Bellac;33299
Belle-Isle - Bégard;2405
Belleville;26977
Bellevue;1094825
Belvezet;535
Belz - Ploemel;3106
Besançon Mouillère;63088
Beslé;38875
Beuvrages;1989
Beynes;158901
Bidos;5185
Billy-Montigny;175848
Blainville - Damelevières;275526
Blangy-sur-Ternoise;1373
Blanzy;21359
Blonville-sur-Mer - Benerville;2498
Bohain-en-Vermandois;142030
Boissise-le-Roi;106713
Bollène La Croisière;176950
Bordeaux Saint-Jean;21353889
Bouchain;25412
Boucoiran-et-Nozières;6650
Bougival;788442
Boulogne Tintelleries;267068
Boulouris sur Mer;33544
Bouray;1219351
Bourg-Saint-Maurice;433350
Bournezeau;2252
Boussens;232802
Boves;16122
Brest;2370384
Breteil;85747
Brétigny-sur-Orge;5496901
Breuillet - Bruyères-le-Châtel;425888
Brignoud;310975
Bruges;27131
Brunoy;4246577
Buno - Gironville;50110
Byans-sur-Doubs;8622
Caffiers;2566
Cambo-les-Bains;32692
Carentan;205544
Caudéran Mérignac;51415
Caussade;155774
Cavignac;72739
Cazères;205782
Cerbère;71860
Cergy Préfecture;12677261
Cerizay;1081
Cernay (Haut-Rhin);421687
Cesson-Sévigné;166593
Chambly;681255
Chamborigaud;6915
Champ de Mars Tour Eiffel;6564413
Champagnole;55022
Champbenoist - Poigny;182176
Château-Arnoux-Saint-Auban;20550
Châteaubriant Tram Train;110070
Châteaulin;55668
Châtelaillon-Plage;123934
Chaugey;13134
Chaulnes;116268
Chazay - Marcilly;20138
Chemilly - Appoigny;1471
Chenevières;1502
Chèvremont;0
Chirac;72
Clacy - Mons;1063
Clamecy;37889
Clermont La Pardieu;280491
Clermont-en-Argonne;22
Cloyes-sur-le-Loir;19900
Cluses;551956
Coarraze - Nay;59827
Coignières;386452
Commentry;101419
Conflans - Jarny;125935
Contrexéville;33195
Corbie;361868
Cordemais;41457
Cramoisy;3434
Crécy-la-Chapelle;157761
Crépieux la Pape;33242
Crest;95904
Dambach-la-Ville;36166
Damblain;270
Dangé-Saint-Romain;29629
Danjoutin;1742
Daours;31621
Dax;1175632
Deuil - Montmagny;2982566
Deûlémont;417
Diarville;844
Die;67564
Diemeringen;130647
Dieupentale;121534
Dol-de-Bretagne;543868
Dole;981528
Don - Sainghin;149938
Dorlisheim;93874
Dormans;130444
Dourdan;786264
Douzillac;0
Ebblinghem;13896
Enghien-les-Bains;7014246
Épanvilliers;1450
Épernay;835958
Épône - Mézières;1243300
Éragny - Neuville;783828
Escaudœuvres;804
Esquelbecq;149425
Étain;111302
Étampes;2602664
Eu;33338
Évreux Normandie;1122584
Farébersviller;1340
Fellering;19737
Feuquerolles;0
Figeac;161366
Fleurieux-sur-l'Arbresle;130705
Fos-sur-Mer;8812
Foug;8384
Fougeré;1808
Fouilloy;4942
Franconville - Le Plessis-Bouchard;5203210
Frasne;256586
Frénouville - Cagny;14144
Fresnoy-le-Grand;26363
Fréteval - Morée;4261
Fretin;66985
Froncles;46809
Frontenex;32224
Frynaudour;735
Gallargues-le-Montueux;17500
Garches - Marnes-la-Coquette;1962296
Gare routière de Forges d'Abel;0
Gauriaguet;60009
Gemeaux;28695
Gerzat;31906
Gonfaron;34170
Gourdon;130100
Gragnague;26536
Granville;346517
Grenoble Universités - Gières;754594
Guérard - La Celle-sur-Morin;72793
Guéret;71942
Guéthary;38627
Guillerval;17002
Guingamp;922076
Haguenau;2027734
Halsou - Larressore;6740
Ham;175319
Hatrize;501
Hazebrouck;1718996
Heiligenberg - Mollkirch;20988
Hennebont;153087
Herbitzheim;40427
Héricy;46723
Houdemont;11588
Igney;18840
Ille-sur-Têt;9957
Illfurth;68267
Imphy;58517
Isbergues;150580
Issé;26374
Issou - Porcheville;322803
Istres;53969
Itxassou;2006
Jaux;11822
Joinville;63579
Jouy;110910
Jouy-en-Josas;683855
Ker Lann;85456
Kilstett;104003
Kurtzenhouse;94909
La Bâthie;106
La Baule-Escoublac;538604
La Borne Blanche;140070
La Bourboule;12072
La Cave;1
La Chaussée-Saint-Victor;1511
La Courneuve - Aubervilliers;11989659
La Crèche;24541
La Croix de Méan;5910
La Douzillère;9903
La Ferté-Milon;133587
La Fouillouse;13394
La Grande-Paroisse;54790
La Guierche;17497
La Hume;159229
La Jarrie;27766
La Joux;494
La Loupe;550406
La Madeleine;18027
La Porcherie;4510
La Rivière de Mansac;4610
La Roche-sur-Yon;1107111
La Tour-du-Pin;938021
La Ville-Dieu-du-Temple;23006
La Wantzenau;36686
Labarthe-Inard;0
Labège Village;8650
Labergement-Sainte-Marie;11097
Labouheyre;100803
Laguépie;10284
Lalinde;31670
Lamagistère;22403
Lamotte-Beuvron;253528
Lancey;192991
Landrecies;11225
Landry;43236
Langres;74633
Lardy;351191
Lathus-Saint-Rémy;1013
Latour-de-Carol - Enveitg;76304
Laveline-devant-Bruyères;4885
Le Bousquet-d'Orb;2364
Le Cateau-Cambrésis;32155
Le Creusot;156503
Le Creusot - Montceau-les-Mines - Montchanin TGV;653544
Le Croisic;139448
Le Fauga;73986
Le Grand-Lemps;136252
Le Méridien La Ferrière;136655
Le Merlerault;6
Le Perray-en-Yvelines;591206
Le Val d'Or;1848826
Le Vert de Maisons;2529584
Lépin-le-Lac - La Bauche;78670
Les Bossons;5988
Les Grésillons;2274636
Les Houches;22571
Les Moussoux;2054
Les Noues;1205683
Les Quatre Roues;2428
Les Tines;3703
Les Trillers;760
Les Vallées;5077252
L'Hermitage - Mordelles;55145
L'Hôpital-du-Grosbois;20109
Liancourt - Rantigny;261503
Libourne;1690650
Liévin;38216
Lille Europe;6056899
Lille Flandres;21992946
Lillers;173657
Limersheim;92018
Lison;222846
Logelbach;34475
Longages - Noé;126046
Longecourt-en-Plaine;3284
Longueil-Annel;23579
Longuerue - Vieux-Manoir;11774
Longueville;680603
Lorient Bretagne Sud;1766624
Louhossoa;0
Lourdes;453955
Louveciennes;977571
Luc-en-Diois;9479
Luchon;42692
Lunas;582
Lus-la-Croix-Haute;552
Lyon Part Dieu;36558465
Mâcon;1375848
Magny - Blandainville;14061
Maintenon;1352209
Maisons-Laffitte;7964985
Mandelieu-la-Napoule;131714
Mareil-sur-Mauldre;70521
Margaux;47532
Marignac - Saint-Béat;2436
Marmagne;8259
Marne-la-Vallée Chessy;4641120
Marseille Saint-Charles;16906447
Marseille-en-Beauvaisis;56797
Martigny-les-Bains;11538
Masseret;8126
Meaux;7838001
Mennecy;797420
Mennessis;12627
Menton;1838470
Menton Garavan;253670
Mérignac Arlac;88408
Mervans;11555
Metzervisse;3220
Meudon Val Fleury;2389874
Mitry - Claye;2580330
Modane;216671
Moissac;124171
Molsheim;1655209
Monaco-Monte-Carlo;6560913
Montargis;1531226
Montataire;58123
Montauban Ville Bourbon;1383328
Montaudran;67312
Montbazon;9855
Mont-Dauphin - Guillestre;79124
Mont-de-Marsan;440531
Montérolier - Buchy;28164
Montfavet;27675
Montferrand - Thoraise;4199
Montfort-le-Gesnois;16743
Montmédy;4704
Montpon-Ménestérol;170416
Montréjeau - Gourdan-Polignan;223810
Montreuil;2010237
Montreuil-Bellay;9781
Montrichard;107575
Montroc le Planet;5222
Montry - Condé;42061
Montsoult - Maffliers;1480901
Montsûrs;25367
Morez;37290
Morgny-la-Pommeraye;28457
Morhange;106556
Morlaix;739465
Morre;5988
Mortcerf;127841
Mouans-Sartoux;176431
Moulis - Listrac;35916
Moult - Argences;61050
Muizon;116235
Mulhouse Zu Rhein;0
Mundolsheim;67611
Murat;13720
Mutzig;244603
Narbonne;2134281
Nemours - Saint-Pierre;1245506
Neuville-sur-Sarthe;11720
Nice;9397550
Nœux-les-Mines;81665
Nogent - Le Perreux;3019593
Nogent-l'Artaud - Charly;450012
Notre-Dame de Briançon;9145
Nouvion-sur-Meuse;73643
Nurieux-Volognat;12645
Olette - Canaveilles;2807
Origny-en-Thiérache;7732
Ormoy-Villers;36319
Ors;288
Ozoir-la-Ferrière;1757433
Pagny-sur-Meuse;6897
Paimpol;79438
Pamiers;358918
Parempuyre;57109
Paris Gare du Nord;211698470
Paris Montparnasse;56862435
Parthenay;3896
Pas des Lanciers;115423
Peltre;26353
Péreire - Levallois;3719484
Pérenchies;74415
Phalempin;238185
Plénée-Jugon;13750
Pleyber-Christ;6326
Plounérin;1168
Plouvara - Plerneuf;645
Poissy;11163637
Poitiers;3463640
Poliénas;37566
Poligny;117389
Pons;41789
Pont de l'Alma;3411547
Pont-d'Ain;31244
Pont-de-Buis;35454
Pont-du-Château;65781
Ponthierry - Pringy;408987
Pont-Melvez;6315
Pontrieux Halte;9334
Port Boulet;161897
Port-Brillet;40510
Porte de Clichy;3107862
Port-la-Nouvelle;124777
Port-Vendres;43409
Provins;564456
Puteaux;3900194
Quesnoy-sur-Deûle;35
Questembert;273077
Quiberon;121766
Quincieux;91158
Raedersheim;52212
Rassuen;6380
Reichshoffen;223685
Reims;4309354
Rémilly;252235
Remiremont;319312
Remoulins;762
Remy;7711
Renescure;16953
Rennes;13921836
Retiers;65312
Revin;199519
Ria-Sirach;1145
Richwiller;0
Rieux - Angicourt;140715
Riom - Châtel-Guyon;1058564
Roche-lez-Beaupré;6860
Roeschwoog;72205
Romanèche-Thorins;47885
Romorantin Blanc Argent;208914
Roscoff;11236
Rouffach;238593
Rouillé;16496
Royan;277670
Ruminghem;30844
Sablé-sur-Sarthe;569915
Sain-Bel;205445
Saint-Agnan;950
Saint-Aignan - Noyers;85328
Saint-Aigulin - La Roche-Chalais;26956
Saint-Amand-Longpré;5454
Saint-André-lez-Lille;21166
Saint-Christophe-Vallon;5352
Saint-Clair - Les Roches;623525
Saint-Cyprien Arènes;262837
Saint-Dizier;192797
Sainte-Colombe Septveilles;114903
Sainte-Pazanne;196087
Saint-Erme-Outre-et-Ramecourt;77921
Saintes;715225
Saint-Féliu-d'Avall;1989
Saint-Georges-de-Commiers;2985
Saint-Gilles-Croix-de-Vie;138563
Saint-Hilaire-au-Temple;0
Saint-Jacques-de-la-Lande;4551
Saint-Jean-de-Luz - Ciboure;478467
Saint-Joseph le Castellas;11134
Saint-Julien-du-Sault;36797
Saint-Laurent - Gainneville;20887
Saint-Léon-sur-l'Isle;19074
Saint-Leu-d'Esserent;138908
Saint-Leu-la-Forêt;2272089
Saint-Lô;265583
Saint-Lothain;4028
Saint-Louis les Aygalades;0
Saint-Macaire;17836
Saint-Malo;1638571
Saint-Marcel en Dombes;70447
Saint-Martin d'Étampes;493755
Saint-Martin-d'Oney;71106
Saint-Médard-de-Guizières;62050
Saint-Nom-la-Bretèche Forêt de Marly;1308720
Saint-Ouen;3120774
Saint-Pierre-sur-Dives;64822
Saint-Priest;204808
Saint-Quentin-Fallavier;253480
Saint-Remy-en-l'Eau;123
Saint-Romain-le-Puy;53612
Saint-Sébastien Frêne Rond;33554
Saint-Seurin-sur-l'Isle;133870
Saint-Sulpice - Auteuil;126642
Saint-Vallier sur Rhône;309631
Saint-Vincent le Château;14358
Salles-Courbatiès;4282
Sarlat-la-Canéda;65784
Sarreinsming;23
Saulxures;1267
Savenay;677561
Savennières - Béhuard;33336
Saverne;1312771
Savigny-sur-Orge;6788452
Scherwiller;9614
Schweighouse-sur-Moder;30509
Seclin;317594
Sénas;40150
Septèmes-les-Vallons;28311
Sermizelles - Vézelay;15849
Servas - Lent;65465
Sévérac;15627
Sevran Beaudottes;7249470
Sierentz;222398
Sillé-le-Guillaume;91402
Sillery;0
Soultz-sous-Forêts;217646
Stains La Cerisaie T11;2022741
Surdon;118394
Tain-l'Hermitage - Tournon;522359
Tantonville;200
Tarascon-sur-Ariège;75613
Tassin;278685
Tenay - Hauteville;39904
Teting-sur-Nied;2514
Thann Saint-Jacques;165101
Thiaville-sur-Meurthe;665
Thiers;55036
Thieux - Nantouillet;33900
Tonneins;210124
Toul;323201
Tournay;28895
Tourville-la-Rivière;3339
Traou Nez;111
Trentels Ladignac;0
Tricot;54523
Trie-Château;35594
Trith-Saint-Léger;13022
Tronsanges;3865
Ussel;73875
Ustaritz Jatxou;5742
Vaires - Torcy;1888489
Valdahon Camp Militaire;9246
Valence TGV Rhône-Alpes Sud;3022392
Valleiry;58030
Vallon-en-Sully;26733
Valognes;251892
Vanves - Malakoff;1111472
Varades - Saint-Florent le Vieil;105287
Vaucelles;597564
Vaudagne;159
Vaulry;0
Vaux-et-Chantegrue;569
Vaux-sur-Seine;419617
Vayres;64779
Vénissieux;173756
Vernaison;94268
Verneuil-l'Étang;551528
Vernou-la-Celle-sur-Seine;44792
Versailles Château Rive Gauche;5795124
Versailles Rive Droite;5530365
Viarmes;272109
Vichy;1358031
Vidauban;17492
Vieux-Thann Zone Industrielle;24439
Vignols - Saint-Solve;111
Villedieu-les-Poêles;94601
Villefranche - Vernet-les-Bains;266812
Villefranche-sur-Mer;503934
Villeneuve-la-Comtesse;867
Villenouvelle;26687
Villers-Cotterêts;397951
Villers-Saint-Sépulcre;8112
Villetaneuse Université T11;3902317
Villiers - Neauphle - Pontchartrain;754106
Villiers-sur-Marne - Le Plessis-Trévise;7700718
Vions - Chanaz;17568
Vireux-Molhain;64839
Virieu-le-Grand - Belley;59947
Virville - Manneville;0
Vis à Marles;17063
Vitry-le-François;193983
Vitry-sur-Seine;3770683
Voutré;2437
Vulaines-sur-Seine - Samoreau;43479
Woippy;154292
Xertigny;3304
Ychoux;182592
Yerres;3738278
Zornhoff Monswiller;0
Agay;32800
Agde;689202
Albens;126604
Albi Madeleine;80495
Ambérieu-en-Bugey;1334530
Ambronay - Priay;8271
Anchamps;7550
Annappes;1458
Anse;468208
Anthéor Cap Roux;11494
Apach;1512
Appilly;8655
Arenc Euroméditerranée;68184
Argelès-sur-Mer;164672
Argentan;389139
Asnières-sur-Seine;17579037
Assat;475
Aubagne;1046412
Auchy-lès-Hesdin;15943
Audrieu;20670
Auffay;228254
Aulnoye-Aymeries;647078
Aumont-Aubrac;8490
Auneau;26607
Avallon;54702
Bailleau-le-Pin;128173
Bailly T13;0
Baisieux;51083
Banassac - La Canourgue;8102
Banyuls-sur-Mer;95022
Barjac;54
Barr;341948
Basse-Ham;562
Baume-les-Dames;224769
Bauvin - Provin;109399
Beaugency;451356
Beauvais;1636319
Bécon les Bruyères;10762906
Bedous;16568
Bègles;38020
Belleville sur Sâone;1029985
Bellignat;4219
Belloy - Saint-Martin;176362
Belvès;2759
Bergerac;356938
Berlaimont;7363
Berre;0
Bertrichamps;3487
Bertry;3350
Besançon Viotte;2616257
Bessancourt;796219
Bessay-sur-Allier;18404
Béthune;1601485
Bigny;123
Bitche;30852
Bitschwiller-lès-Thann;34337
Blaisy-Bas;48459
Blangy-sur-Bresle;34907
Boën-sur-Lignon;27226
Bogny-sur-Meuse;79860
Boisleux-au-Mont;2055
Bonneval;66356
Bonneville;307165
Bonnières-sur-Seine;771930
Bonson;58831
Bords;14598
Bouaye;56168
Boulogne-sur-Mer;952689
Bourg-Madame;5356
Bourgneuf-en-Retz;22569
Boussy-Saint-Antoine;2880374
Bouy;0
Brazey-en-Plaine;45283
Breitenbach;28767
Breteuil;43095
Bretoncelles;26432
Briare;61949
Brion - Laizy;8257
Brion - Montréal-la-Cluse;46414
Brioude;110941
Briouze;54629
Brive-la-Gaillarde;1030162
Broons;59562
Brou;115264
Brumath;598702
Brunstatt;0
Bueil;109663
Busigny;66529
Caen;3753065
Callac;40638
Carcassonne;1047813
Carhaix-Plouguer;59351
Castelnaudary;347787
Ceilhes - Roqueredonde;1256
Cercottes;70521
Cérons;382657
Châbons;78294
Chagny;419221
Chaingy Fourneaux Plage;21115
Chalonnes-sur-Loire;160446
Chalon-sur-Saône;1598581
Chamalières-sur-Loire;3125
Champagney;69916
Champagnole Paul-Émile Victor;2499
Champigneulles;24859
Chanac;196
Changis - Saint-Jean;250409
Chantilly - Gouvieux;2600290
Chaponost;99688
Charbonnières-les-Bains;252635
Chasseradès;1798
Chasse-sur-Rhône;237250
Châteauneuf - Bujaleuf;3841
Châtillon d'Azergues;20177
Chépy - Valines;207
Chevrières;28028
Chindrieux;46107
Chissay-en-Touraine;9811
Choisy-le-Roi;10936239
Cintegabelle;92394
Cires-lès-Mello;112440
Civrieux-d'Azergues;4821
Cize - Bolozon;1145
Clelles - Mens;19784
Clerval;60473
Cognac;158552
Colmar;4103990
Colombier-Fontaine;15399
Colomiers Lycée International;158547
Commercy;212829
Condat - Le Lardin;28892
Conlie;53288
Corbigny;8237
Corcy;3
Corgoloin;13671
Cornil;7553
Corps-Nuds;15503
Corrèze;4566
Cosne-sur-Loire;209767
Coucy-lès-Eppes;10099
Couëron;57885
Couffoulens - Leuc;826
Couilly - Saint-Germain - Quincy;84535
Couliboeuf;0
Courcelles-le-Comte;1465
Courcelles-sur-Nied;24671
Courcy - Brimont;31723
Cousance;14606
Coutances;185838
Crépy - Couvron;4207
Créteil Pompadour;6412258
Croix L'Allumette;1635
Culoz;260917
Dettwiller;135299
Dingé;12371
Dissay;31250
Dommartin - Lissieu;10570
Dompierre Sept Fons;19909
Donjeux;5355
Drap - Cantaron;39518
Drefféac;7301
Dreux;1331683
Druye;20760
Dugny - La Courneuve T11;1220226
Dunkerque;1905250
Duppigheim;92523
Durtol - Nohanent;984
Égletons;39086
Elne;76307
Embrun;108682
Entraigues-sur-la-Sorgue;75136
Épinal;1377994
Épinay - Villetaneuse;15327902
Ermont - Eaubonne;21728297
Esches;47065
Essonnes Robinson;232520
Estavar;228
Estrées-Saint-Denis;57584
Esvres sur Indre;24551
Eurville;443
Évry Val de Seine;755215
Exideuil;0
Eymoutiers Vassivière;48263
Faremoutiers - Pommeuse;222979
Fépin;4670
Fère-en-Tardenois;0
Fleurville - Pont-de-Vaux;19130
Foëcy;33780
Foix;283007
Fontainebleau - Avon;3194698
Fontan - Saorge;4980
Foucart - Alvimare;6551
Fouquereuil;1438
Fourmies;169985
Francheville;88685
Frépillon;363719
Fromental;1522
Fronville;333
Futuroscope;169451
Gadagne;17090
Gaillac;340713
Gap;262187
Garancières - La Queue;273442
Gargenville;551656
Gazeran;237147
Gazinet Cestas;391615
Geispolsheim;55912
Gennevilliers;1672742
Gertwiller;31548
Gestel;12822
Gien;145942
Gignac - Cressensac;276
Gilly-sur-Loire;5989
Gironde-sur-Dropt;4333
Givors Canal;89834
Goussainville;4313975
Goxwiller;26170
Grande-Synthe;11328
Grandvilliers;82200
Gresswiller;166115
Groslay;1461451
Gunsbach - Griesbach;20096
Hagondange;1187951
Harfleur;3806
Haubourdin;64790
Haussmann Saint-Lazare;32617013
Haute Picardie TGV;320142
Hendaye;423897
Herblay;3356330
Herchies;6915
Héricourt;183846
Herny;8312
Herrlisheim;178606
Hirson;148043
Hoenheim Tram;60439
Hoffen;13869
Hyères;650137
Hymont - Mattaincourt;0
Ingersheim Cité Scolaire;7020
Ingwiller;248572
Issoire;501158
Issy Val de Seine;4807552
Iteuil;14456
Jeumont;72986
Joigny;387768
Jonchery-sur-Vesle;122546
Jonzac;127059
Juan les Pins;837466
Juvisy-sur-Orge;33271111
Kerhostin;2919
Keskastel;52193
Kogenheim;29617
Krimmeri Meinau;169272
La Bachellerie;1
La Baule Les Pins;35086
La Chaize-le-Vicomte;1616
La Chapelle-Saint-Mesmin;11192
La Chapelle-sur-Loire;4016
La Charité-sur-Loire;193780
La Défense;35649320
La Ferté-Bernard;270677
La Forest-Landerneau;72201
La Fresnais;18801
La Garenne-Colombes;4891934
La Gorp;148282
La Guerche-sur-l'Aubois;44444
La Hisse;1143
La Hutte Coulombiers;20419
La Levade;710
La Membrolle-sur-Choisille;784
La Ménitré;145963
La Meyze;2493
La Pauline Hyères;161149
La Réole;268412
La Rochelle;2692269
La Suze;113281
Lachaud Curmilhac;1126
Lacourtensourt;64625
Lafarge;1087
Laifour;12363
L'Aigle;191084
Laigneville;163350
Landivisiau;205452
Langeac;26287
Langogne;35739
L'Arbresle;722759
L'Ariane La Trinité;31761
Laval;1476306
Le Bosquet;111383
Le Cendre - Orcet;147109
Le Chénay Gagny;2779109
Le Coteau;95659
Le Dorat;19239
Le Genest-Saint-Isle;22134
Le Grand Jardin;8324
Le Havre Graville;1559
Le Péage-de-Roussillon;925830
Le Plessis Chenet;33260
Le Stade;2801735
Le Theil-de-Bretagne;25403
Le Toec;5100
Le Tréport - Mers-les-Bains;55023
Le Verdon-sur-Mer;14292
Les Ardoines;2139277
Les Boullereaux Champigny;2344609
Les Coquetiers;1181755
Les Églisottes-et-Chalaures;22336
Les Essarts-le-Roi;652253
Les Islettes;0
Les Laumes Alésia;187359
Les Mais;87
Les Ormes;5174
Les Pélerins;4558
Les Ramassiers;12704
Les Sables Blancs;617
Les Yvris Noisy-le-Grand;755412
Lesparre-Médoc;127687
Lesseux - Frapelle;0
L'Étang-la-Ville;543856
Lezennes;644
Lézignan-Corbières;138459
Liart;331
Ligugé;16716
Limeray;12253
Limoges Montjovis;25342
Limoux;28250
Lisieux;1204622
L'Isle-Adam - Parmain;938074
L'Isle-sur-la-Sorgue - Fontaine-de-Vaucluse;171167
L'Isle-sur-le-Doubs;123373
L'Isthme;1241
Livry-sur-Seine;92740
Loison-sous-Lens;9319
Longjumeau;396645
Longueil-Sainte-Marie;38261
Longueville-sur-Scie;30580
Loos lez Lille;42385
Lothiers;52
Lourches;9165
Louverné;909
Luçon;84144
Lure;237350
Lussac-les-Châteaux;28000
Luttenbach-près-Munster;10862
Lyon Jean Macé;1473871
Macau;58233
Mailly-la-Ville;7557
Malansac;68061
Malaunay - Le Houlme;74523
Mamirolle;19006
Manduel - Redessan;956
Marchezais - Broué;153676
Margival;1
Marquixanes;1783
Marsac;5114
Massiac - Blesle;35514
Mehun-sur-Yèvre;82908
Melun;13065160
Ménil Flin;1946
Mesves - Bulcy;3774
Meyrargues;45708
Mézidon-Canon;318511
Milly-sur-Thérain;9119
Moirans La Galifette;184249
Monéteau - Gurgy;13633
Monistrol-d'Allier;2661
Monnerville;21031
Montaigut-le-Blanc;1053
Montbarrey;724
Montdidier;182907
Monte-Carlo Country Club;7624
Montendre;52560
Montereau;2542109
Montescourt-Lizerolles;16621
Monthermé;119476
Montigny-en-Ostrevent;134172
Montmélian;591032
Montpaon;412
Montreuil-sur-Ille;310878
Morannes;34205
Morbier;9491
Moret - Veneux-les-Sablons;1186265
Moreuil;188341
Morières-lès-Avignon;32264
Moulin Galant;523046
Munster Badischhof;11620
Muret;853048
Mussidan;175616
Nangis;883754
Nanteuil - Saâcy;536532
Naucelle;38965
Neau;2919
Nesle;91953
Neuillé-Pont-Pierre;18288
Neuilly-lès-Dijon;2629
Neuvic;47633
Nevers;1022933
Niederbronn-les-Bains;211326
Nieppe;66872
Nîmes;4316299
Nogent-sur-Seine;200463
Nogent-sur-Vernisson;67132
Nointel - Mours;377139
Nomain;1614
Nonancourt;11034
Obernai;796161
Oermingen;36302
Ondres;15546
Orange;389111
Orgon;22401
Orly Ville;1488640
Orry-la-Ville - Coye;1932800
Oudon;108968
Ourscamps;3376
Pagny-sur-Moselle;356716
Parc des Expositions;2304239
Paris Bercy Bourgogne - Pays d'Auvergne;4764857
Paris Est;36774394
Paris Gare de Lyon;102024783
Pavilly;171330
Penne-d'Agenais;15396
Penthièvre;2979
Périgueux;968530
Périgueux Saint-Georges;2123
Pérols-sur-Vézère;598
Pers;655
Persan - Beaumont;3807121
Peyrehorade;28211
Pezou;2386
Pignans;39579
Plouharnel - Carnac;8496
Poix-Terron;100007
Pont d'Ardres;5129
Pont de Bois;41946
Pontchâteau;192590
Pont-Remy;15979
Pontrieux;6641
Pont-Sainte-Maxence;849576
Porta;22
Portet Saint-Simon;317915
Pouilly-sur-Loire;12471
Pouxeux;21986
Provenchères-sur-Fave;3317
Pulligny - Autrey;0
Puybrun;1688
Raismes;28550
Rang-du-Fliers - Verton - Berck;315635
Ranguin;81312
Raves - Ban-de-Laveline;648
Réding;65176
Redon;951584
Régny;47448
Reims Maison Blanche;112140
Rémelfing;3219
Remise à Jorelle;623710
Rethel;357569
Revigny-sur-Ornain;100092
Rocamadour - Padirac;9208
Rochefort;594889
Rochy-Condé;6234
Rolleville;329
Romans - Bourg-de-Péage;425426
Romilly-la-Puthenaye;8685
Rosa Parks;11987483
Roumazières-Loubert;3
Royat - Chamalières;3741
Rozières-sur-Mouzon;15
Ruffey-lès-Echirey;18585
Rumilly;658247
Saales;54627
Saillagouse;3754
Saillans;14221
Saint-Amour;72746
Saint-Antoine;44049
Saint-Aubin-sur-Scie;12469
Saint-Aunès;7074
Saint-Avold;246090
Saint-Chamas;83403
Saint-Chély-d'Apcher;70962
Saint-Clément - Laronxe;27549
Sainte-Anne;26342
Sainte-Bazeille;2010
Sainte-Geneviève-des-Bois;3315717
Sainte-Lizaigne;2303
Saint-Étienne La Terrasse;111779
Saint-Florent-sur-Cher;10766
Saint-Gaudens;282401
Saint-Genouph;282
Saint-Germain-du-Puy;7210
Saint-Gratien;2195928
Saint-Jean-d'Angély;39126
Saint-Jean-Pied-de-Port;56521
Saint-Julien - Clénay;43444
Saint-Julien-en-Genevois;219126
Saint-Junien;39054
Saint-Laurent-du-Var;827056
Saint-Louis;1306485
Saint-Louis La Chaussée;57948
Saint-Maixent-L'École;191652
Saint-Mariens - Saint-Yzan;197906
Saint-Mars-la-Brière;4360
Saint-Martin-Bellevue;0
Saint-Martin-de-Crau;103233
Saint-Martin-du-Mont;6550
Saint-Martin-du-Vivier;137
Saint-Martin-le-Beau;67493
Saint-Michel - Valloire;99098
Saint-Ouen-l'Aumône Liesse;1906849
Saint-Paterne-Racan;23542
Saint-Péray;2941
Saint-Pierre-d'Albigny;141639
Saint-Pierre-de-Chignac;3035
Saint-Pierre-du-Vauvray;0
Saint-Pierre-en-Faucigny;111254
Saint-Pierre-Quiberon;9725
Saint-Pol-de-Léon;1595
Saint-Priest-Taurion;21972
Saint-Rambert-en-Bugey;13870
Saint-Savinien;19148
Saint-Symphorien-de-Marmagne;44
Saint-Thégonnec;250
Sallanches - Combloux - Megève;358306
Salses-le-Château;39917
Sarre-Union;154277
Sartrouville;10048491
Saubusse;10588
Saujon;58017
Sauto;199
Sedan;358878
Sées;76533
Selles-Saint-Denis;27642
Senozan;10385
Sessenheim;89110
Seurre;67314
Sévérac-d'Aveyron;11788
Seyssel - Corbonod;77257
Soissons;603362
Solignac - Le Vigen;4249
Sommery;5838
Sorgues - Châteauneuf-du-Pape;190892
Sospel;45712
Sous le Bois;8
Steenbecque;596
Steenwerck;50022
St-Eulien;15
Strasbourg;21446966
Tacoignières - Richebourg;162807
Tarare;554100
Tende;22780
Theillay;21728
Thenon;20318
Thézy-Glimont;14634
Thiennes;712
Thomery;167462
Thouaré-sur-Loire;46006
Thouars;28968
Thuès Carença;3743
Tiercé;95701
Tincques;7677
Tonnay-Charente;28272
Torfou-Sèvremoine;43234
Tourcoing;609158
Tournemire - Roquefort;1100
Tracy - Sancerre;15200
Trégonneau - Squiffiec;1667
Trois-Puits;0
Troyes;1123886
Uchaud;3180
Ur - Les Escaldes;122
Val-de-Reuil;552133
Valençay;39051
Valence;2373588
Valence d'Agen;87101
Varennes-sur-Fouzon;5070
Varetz;1862
Vauboyen;194880
Vauzelles;366
Velars-sur-Ouche;4373
Vendenheim;120635
Vendôme - Villiers-sur-Loir TGV;465035
Venerque - Vernet;194542
Vergèze - Codognan;401842
Vern-sur-Seiche;10521
Versailles Chantiers;18934500
Vertaizon;159478
Vervins;68497
Veuves - Monteaux;4877
Veynes Dévoluy;73563
Vic-sur-Cère;8812
Vielmur-sur-Agout;24947
Vigeois;7772
Vigneux-sur-Seine;5334560
Vignory;2471
Villefranche-sur-Cher;24293
Villefranque;1164
Villeneuve-lès-Maguelone;48978
Villeneuve-sur-Allier;548
Villennes-sur-Seine;975080
Villers-Bretonneux;194818
Villers-Saint-Paul;80039
Villiers-en-Lieu;509
Villiers-le-Bel - Gonesse - Arnouville;9912578
Vincey;55978
Viry-Noureuil;354
Vittel;75092
Vivonne;38183
Voivres-lès-le-Mans;13557
Voreppe;370438
Voves;48557
Wacquemoulin;1482
Walheim;5556
Wattignies - Templemars;53660
Wesserling;46314
Weyersheim;176599
Wingen-sur-Moder;142127
Wisches;98781
Wittelsheim;0
Woincourt;674
Xeuilley;0
Ytrac;139
Yvetot;1039150
Abancourt;71517
Aguilcourt - Variscourt;13197
Aiguillon;133450
Ailly-sur-Noye;128969
Aiserey;33880
Aix-en-Provence TGV;3739796
Aixe-sur-Vienne;15445
Albert;524871
Alençon;411567
Alès;512188
Alet-les-Bains;266
Allée de la Tour Rendez-Vous;857918
Alleyras;1931
Amagne - Lucquy;69618
Amboise;784419
Amiens;6004673
Anché - Voulon;15283
Ancy-sur-Moselle;56877
Andrézieux-Bouthéon;28251
Angoulême;2198301
Arbois;81446
Arches;85693
Arleux;29115
Armentières;850773
Arnèke;122187
Arpajon;1425412
Artenay;94229
Artix;65223
Arvant;84627
Assier;12813
Athis-Mons;1391516
Aubergenville Élisabethville;1580464
Aubiet;12763
Audruicq;281007
Audun-le-Roman;5238
Aumale;3752
Avenay;31476
Avenue Foch;1015827
Avesnes-sur-Helpe;142784
Avignon TGV;4160030
Avion;54976
Avrechy;5413
Azay-sur-Cher;22517
Baccarat;133263
Bagnols - Chadenet;979
Bainville-sur-Madon;84
Balagny Saint-Épin;10349
Ballan-Miré;39095
Bar-le-Duc;422768
Barsac;17614
Bazancourt;298712
Bazoches;2725
Beau Marais;5302
Beaulieu-sur-Mer;525707
Belfort - Montbéliard TGV;605331
Belleville-sur-Vie;113138
Bénesse-Maremne;21700
Bengy-sur-Craon;25974
Béning;145080
Berthelming;17339
Betton;98453
Bibliothèque François Mitterrand;22986683
Bidarray Pont Noblia;2804
Biffontaine;174
Biganos Facture;1100339
Bischwiller;690484
Bléré - La Croix;207320
Blesme - Haussignémont;63
Boigneville;29124
Bois-d'Oingt - Légny;32577
Bois-le-Roi;966054
Bolbec - Nointot;2
Bollwiller;303384
Bologne;3117
Bons-en-Chablais;188299
Bornel - Belle-Église;288300
Bouffémont - Moisselles;1043644
Boussay - La Bruffière;37644
Boutigny-sur-Essonne;144265
Bouzonville;18396
Bram;104957
Brax - Léguevin;183031
Bressuire;21956
Breuil - Romain;33261
Breuillet Village;564922
Briançon;173341
Brimeux;2929
Brionne;25360
Brunémont;3077
Bruyères-sur-Oise;111426
Bugeat;7024
Buire-sur-l'Ancre;2648
Bussière-Galant;18613
Cagnes-sur-Mer;1152166
Cahors;446653
Calais;1173143
Campagnac - Saint-Geniez;998
Cantin;20021
Cap-d'Ail;131052
Capvern;7061
Castelnau-d'Estrétefonds;346056
Caudrot;9654
Caudry;129414
Cavaillon;216537
Cenon;820456
Cercy-la-Tour;31960
Cernay (Val-d'Oise);2643784
Cesson;1723793
Chambourg-sur-Indre;2486
Chamonix Aiguille du Midi;7921
Champagne-sur-Seine;428217
Champtocé-sur-Loire;59918
Chantenay;48932
Charleville-Mézières;1252226
Chartres;3394491
Chasseneuil-du-Poitou;18022
Chasseneuil-sur-Bonnieure;122
Châteaubriant;46307
Châteauneuf-sur-Cher;16400
Châtel - Nomexy;162461
Châtelaudren - Plouagat;18476
Châtellerault;575537
Chauny;557885
Chaux-des-Crotenay;3102
Chaville Rive Droite;2352461
Chaville Rive Gauche;769094
Chessy;22478
Chevillon;2628
Chevilly;74171
Cinq-Mars-la-Pile;183608
Ciry-le-Noble;7875
Clères;142937
Clermont de l'Oise;986046
Clermont La Rotonde;8505
Clermont-Ferrand;4095262
Clisson;1010242
Coat Guégan;894
Collioure;119244
Colmar Saint-Joseph;59776
Colombes;5836138
Colomiers;245429
Comines;1056
Conflans Fin d'Oise;6673880
Conflans-Sainte-Honorine;4070670
Cormeilles-en-Parisis;3618254
Coron de Méricourt;17698
Coulommiers;1167523
Coutras;425844
Couze;1
Couzon-au-Mont-d'Or;69501
Crêches-sur-Saône;36515
Croix - Wasquehal;4628
Cros de Cagnes;240535
Crouy-sur-Ourcq;176703
Cubzac-les-Ponts;21808
Dachstein;117623
Dammartin - Juilly - Saint-Mard;955503
Dardilly Le Jubin;29672
Dardilly Les Mouilles;26156
Delle;31341
Denain;18097
Dijon;7081622
Dirinon;13323
Dives-sur-Mer Port Guillaume;3223
Dommartin - Remiencourt;11559
Donges;21576
Dordives;44764
Échirolles;486905
Écouflant;0
Égly;422514
Eichhoffen;11178
Épernon;1548595
Ermont Halte;937689
Erstein;571464
Esbly;1931719
Escalquens;61053
Étainhus - Saint-Romain;55420
Étaples - Le Touquet;533197
Étival-Clairefontaine;58524
Étréchy;570676
Felletin;383
Fenouillet - Saint-Alban;25
Ferrières - Fontenay;38200
Feyzin;113217
Fismes;242742
Fontaine-le-Port;34558
Formerie;15057
Fors;30274
Freinville Sevran;1929737
Fréjus - Saint-Raphael Autotrain;0
Frouard;68394
Gallieni Cancéropôle;53873
Galuzot;12675
Gannat;86791
Gardanne;324497
Gare routière de Digne les Bains;7026
Génelard;19122
Générac;1730
Gisors;787548
Givors;867946
Gourland;2554
Grandvillars;11796
Grasse;374990
Guimiliau;909
Haluchère Batignolles;107739
Heming Mairie;379
Hoerdt;220519
Homécourt;29272
Hundling;17112
Hunspach;3632
Igney - Avricourt;18434
Igny;375513
Ingrandes sur Vienne;5761
Ingrandes-Le Fresne-sur-Loire;78515
Invalides;9172483
Irigny Yvours;41898
Is-sur-Tille;154522
Issy-les-Moulineaux;2023087
Jarnac;42501
Jassonneix;1389
Jatxou;0
Jaunay-Clan;19025
Javel;2962430
Joncherey;7473
Joué-lès-Tours;60999
Koenigsmacker;870
La Bonneville-sur-Iton;7219
La Bouteille;3410
La Brohinière;13220
La Celle-Saint-Cloud;2183744
La Ciotat - Ceyreste;606309
La Clayette - Baudemont;36569
La Coquille;17333
La Ferté-Alais;324970
La Frayère;98979
La Garde;195128
La Jonchère-Saint-Maurice;16469
La Marche;2320
La Mothe-Achard;80478
La Norville - Saint-Germain-lès-Arpajon;515437
La Penne-sur-Huveaune;68340
La Plaine Stade de France - Saint-Denis - Aubervilliers;13005557
La Possonnière;123691
La Rochelle Porte Dauphine;75548
La Souterraine;172888
La Tour-de-Salvagny;166235
La Tricherie;25506
La Verrière;3416383
La Villette Saint-Prest;91140
Labège Innopole;192317
Labenne;55399
Labruguière;8165
Lacapelle-Viescamp;130
Laillé;20854
Laissac;52
Laissey;23183
Lamarche;776
Lamonzie-Saint-Martin;1899
Lamure-sur-Azergues;24648
Lancerf;964
Landas;64993
Landaul - Mendon;37978
Langon;857442
Laroque-Timbaut;1773
Lauterbourg;26775
Laval-de-Cère;977
Lavaveix-les-Mines;53
Lavilletertre;16310
Le Bourget;18333290
Le Burg;806
Le Coudray-Montceaux;72182
Le Grau-du-Roi;136622
Le Mée-sur-Seine;1970800
Le Molay-Littry;30875
Le Pallet;222970
Le Plessis-Belleville;727692
Le Poirier Université;84268
Le Pont-de-Claix;9227
Le Raincy - Villemomble - Montfermeil;6505496
Le Soler;3870
Le Theil - La Rouge;18634
Le Thor;42532
Le Vauriat;94
Le Vernet d'Ariège;17163
Leforest;226347
Lens;1548857
Lérouville;7063
Les Bardys;4902
Les Cabrils;318
Les Deux Jumeaux;40965
Les Eyzies-de-Tayac-Sireuil;18117
Les Pavillons-sous-Bois;1998918
Les Portes de Saint-Cyr T13;0
Les Praz de Chamonix;7797
Les Quatre-Routes-du-Lot;2856
Les Salelles;33
Lesquin;141025
L'Estaque;114582
Lezoux;84425
Liesle;10785
Lieusaint - Moissy;4842725
Limeyrat;0
Lisière Pereire T13;0
Longroy - Gamaches;5408
Longuyon;62734
Longwy;468004
Loos-en-Gohelle;5685
Louvres;1860250
Luc;729
Luc-la-Primaube;11661
Lunel-Viel;11407
Lutterbach;57921
Luxeuil-les-Bains;24557
Lyon Gorge de Loup;682949
Machilly;62611
Magnac - Vicq;14975
Mantes Station;1102053
Marans;378
Marcheprime;524066
Mareuil-sur-Ourcq;107604
Marienthal;62889
Marigny;11010
Marle sur Serre;66223
Marles-en-Brie;347570
Maroeuil;4074
Marolles-en-Hurepoix;1190599
Maromme;82186
Marquette;25
Martres-Tolosane;37121
Massy Europe;0
Matzenheim;43200
Mauzé-sur-le-Mignon;112170
Mende;38094
Mennetou-sur-Cher;1257
Mer;294333
Mérenvielle;49538
Méricourt - Ribemont;48927
Mertzwiller;141651
Méru;907138
Merxheim;60453
Metz;8302189
Meudon;917576
Meulan - Hardricourt;734198
Meymac;26518
Mignaloux - Nouaillé;2275
Millas;5503
Millau;38166
Miniac-Morvan;1106
Mionnay;89594
Miramas;682995
Miraumont;16114
Mirecourt;91594
Miribel;301557
Montaigu;386587
Montastruc-la-Conseillère;184245
Montaut Bétharram;244
Montbré;0
Montchanin;179809
Mont-Dore;8236
Montélimar;898692
Montfort-l'Amaury - Méré;530991
Montivilliers;17601
Montlouis-sur-Loire;36020
Montluçon Rimard;12871
Montoir-de-Bretagne;35114
Montreuil-sur-Thérain;3687
Monts;213404
Mormant;376082
Morteau;169575
Mouchard;171941
Mourmelon-le-Petit;87074
Moustéru;996
Mouy - Bury;189546
Munchhausen;2653
Musée d'Orsay;3914727
Najac;15086
Nancy;8320214
Nanteuil-le-Haudouin;446309
Nérondes;32042
Nerpuy;6375
Neufchâteau;70213
Neuilly - Porte Maillot;3875725
Neussargues;32038
Neuville Université;3268443
Nice Pont Michel;33234
Nice Saint-Augustin;1704378
Nieul;3572
Niort;1320394
Nissan;0
Nogent-le-Rotrou;621369
Noirétable;4847
Noizay;5685
Nort-sur-Erdre;337662
Notre-Dame-d'Oé;1709
Novéant-sur-Moselle;133565
Noyal - Acigné;246195
Nozières - Brignon;20804
Objat;17133
Ollioules - Sanary-sur-Mer;399110
Olonne-sur-Mer;14196
Onville;10059
Orchamps;64574
Orchies;1000192
Orthez;259468
Ossun;151
Ouges;8945
Pamproux;11402
Paray-le-Monial;226799
Parent - Coudes - Champeix;58237
Pargny-sur-Saulx;0
Parsac - Gouzon;349
Pauillac;86882
Peillon Sainte-Thècle;11074
Pertuis;18773
Pessac Alouette;365411
Petit Jouy - Les Loges;151872
Petit Vaux;315634
Picquigny;79125
Pierre-Bénite;47996
Pierrelaye;1263736
Pierreville;0
Pihen-lès-Guînes;212
Planès;705
Plestan;7989
Pleudihen-sur-Rance;2341
Podensac;90710
Poix-de-Picardie;128654
Pomas;1169
Pont de la Deûle;24168
Pont de Sallaumines;3238
Pontchaillou;340500
Pontcharra - Saint-Forgeux;20373
Pontcharra sur Bréda;696465
Pont-Hébert;0
Pontivy;26397
Pontorson - Mont-Saint-Michel;39834
Pont-sur-Yonne;121012
Port-de-Piles;48602
Porté-Puymorens;4433
Pougny - Chancy;3911
Pougues-les-Eaux;14877
Pouru-Saint-Rémy;715
Preignac;6832
Presles Courcelles;297133
Pringy;44336
Prissé-la-Charrière;7587
Quédillac;29225
Rai - Aube;9
Ranspach;18596
Razac-sur-l'Isle;9118
Réaumont - Saint-Cassien;142995
Recquignies;1964
Reignier;140539
Retournac;51748
Riedseltz;8528
Rives;331340
Rixheim;172531
Rœux;23951
Ronchamp;51748
Rosheim;206857
Rosières-aux-Salines;237705
Rosult;64374
Roubaix;137990
Ruelle-sur-Touvre;2
Rungis La Fraternelle;637935
Saillat - Chassenon;5272
Sains-du-Nord;45970
Saint-Amand-Montrond - Orval;59281
Saint-Amarin;56906
Saint-André-de-Corcy;252233
Saint-Antoine-de-Breuilh;7402
Saint-Antoine-du-Rocher;29705
Saint-Avre - La Chambre;75854
Saint-Brice-sur-Vienne;823
Saint-Césaire;21475
Saint-Chéron;534294
Saint-Dalmas de Tende;6077
Saint-Denis;26902902
Saint-Denis-de-Pile;32692
Saint-Denis-des-Murs;3137
Saint-Denis-lès-Martel;21617
Saint-Dié-des-Vosges;471486
Sainte-Colombe;26958
Sainte-Eulalie - Carbon-Blanc;46371
Sainte-Gauburge;1463
Sainte-Léocadie;347
Sainte-Marthe en Provence;50515
Sainte-Maure - Noyant;159393
Saint-Étienne Carnot;120629
Saint-Étienne Le Clapier;56068
Saint-Étienne-du-Rouvray;30672
Saint-Florentin - Vergigny;93329
Saint-Flour - Chaudes-Aigues;24527
Saint-Germain-les-Belles;15148
Saint-Gervais-les-Bains Le Fayet;399003
Saint-Gilles Lycée Haut-Rhin;87369
Saint-Hilaire - Brizambourg;1160
Saint-Jean-de-Verges;8541
Saint-Jodard;11242
Saint-Just-en-Chaussée;499407
Saint-Laurent-en-Grandvaux;24545
Saint-Mammès;303399
Saint-Martory;8440
Saint-Mathurin-sur-Loire;75451
Saint-Médard-sur-Ille;47117
Saint-Michel-sur-Meurthe;2472
Saint-Ouen-l'Aumône;1826988
Saint-Ouen-l'Aumône Quartier de l'Église;611246
Saint-Paul-de-Varax;82581
Saint-Piat;192805
Saint-Pierre-d'Aurillac;12000
Saint-Quentin en Yvelines - Montigny-le-Bretonneux;9601190
Saint-Roch;69003
Saint-Sébastien Pas Enchantés;36316
Saint-Sulpice-Laurière;38867
Saint-Vincent-de-Tyrosse;214619
Saléchan - Siradan;504
Sallaumines;13013
Salomé;10248
Sannois;3857638
Santenay les Bains;6103
Santes;42691
Saône;24300
Sarliève - Cournon;44092
Sathonay - Rillieux;284156
Saulon;16714
Saverdun;154600
Sélestat;2400515
Sennecey-le-Grand;44934
Sérifontaine;4966
Sermaise;108489
Sevran - Livry;4784929
Sisteron;43042
Somain;354955
Strasbourg Roethig;71967
Suresnes Mont Valérien;3503155
Surgères;443664
Taconnaz;5492
Tanus;2934
Tarbes;639135
Teillé;3977
Terrasson-Lavilledieu;36251
Tessonnières;7536
Thann;151899
Thaon;339375
Thésée;3884
Thonon-les-Bains;640419
Thun le Paradis;471681
Tieffenbach - Struth;72219
Tonnerre;144629
Toulouse Matabiau;12869088
Tournan-en-Brie;2096889
Toury;163834
Trélazé;60813
Trilport;990660
Urmatt;141560
Us;99723
Uzerche;73091
Vaas;6697
Valleroy - Moineville;5955
Valmondois;917051
Vaumoise;4241
Vauvert;35887
Vélines;63568
Vendeuvre-sur-Barse;52886
Verrey-sous-Salmaise;25391
Versigny;2219
Vert Galant;6389699
Vertou;93709
Vesoul;238617
Vézelise;6608
Vic - Mireval;50569
Vic-le-Comte;251884
Vienne;1956515
Viévola;171
Villaines-sous-Bois;97742
Villefort;18520
Villefranche-de-Rouergue;70128
Villeherviers;16920
Villeneuve-la-Guyard;173943
Villeneuve-Loubet;423218
Villeneuve-Saint-Georges;14780961
Villereversure;4611
Villiers Montbarbin;53041
Virieu sur Bourbre;26566
Viroflay Rive Gauche;4651553
Vitry-en-Artois;78918
Viviers-du-Lac;13698
Viviez - Decazeville;17339
Voellerdingen;0
Voiron;1524325
Volvic;14953
Vonnas;102171
Vorey;42789
Vougeot - Gilly-lès-Cîteaux;50564
Voujeaucourt;16809
Vraincourt - Viéville;1332
Vrigne-Meuse;5471
Wallers;10863
Wambrechies;19
Watten - Éperlecques;102356
Wihr-au-Val - Soultzbach;43562
Abbeville;841557
Achères Ville;3645213
Agonac;6468
Aimargues;2750
Aime - La Plagne;126465
Aix-les-Bains le Revard;1589138
Amilly Ouerray;27282
Ancenis;1023676
Andrésy;586872
Angers Saint-Laud;6269502
Angoulins sur Mer;14777
Annemasse;1367966
Anvin;7494
Arcachon;1180765
Arengosse;4371
Ars-sur-Moselle;102750
Ascq;17383
Aubie - Saint-Antoine;54573
Aubin;9960
Aubin-Saint-Vaast;1691
Aubusson;806
Aulnay-sous-Bois;22707800
Autun;66454
Auxerre Saint-Gervais;521613
Avenue du Président Kennedy Maison de Radio France;1464648
Avesnelles;4532
Avignonet-Lauragais;25351
Avranches;27965
Ay;49087
Baillargues;419523
Balbigny;85385
Bandol;350366
Barentin;235049
Bar-sur-Aube;85393
Bartenheim;116030
Bas - Monistrol-sur-Loire;106606
Bayeux;546928
Beillant;112
Bellegarde;1500251
Bellenaves;8124
Benfeld;557042
Bergues;164790
Bersac-sur-Rivalier;3437
Besançon Franche-Comté TGV;618834
Bétaille;36
Beuvry lès Béthune;12518
Beynost;244377
Biot;303028
Bischheim;56883
Blanquefort;154755
Blois - Chambord;1749067
Bois-Colombes;5302890
Boisseaux;8167
Bort-les-Orgues;13086
Boucau;10269
Bourbourg;20922
Bourron-Marlotte - Grez;125252
Bourth;0
Bréauté - Beuzeville;674677
Brebières;83023
Bretigny - Norges;16859
Bretteville - Norrey;21815
Brignais;315105
Bruyères;114217
Bruz;214043
Bully - Grenay;121994
Buzy en Béarn;11705
Cadaujac;52220
Cambrai;666320
Campagne-sur-Aude;1
Cannes La Bocca;156151
Carignan;16414
Carmaux;118263
Carnoët - Locarn;4753
Carnoules;103978
Carry-le-Rouet;80178
Casino Lacroix Laval;20337
Cassel;115188
Cassis;332671
Castillon-la-Bataille;183626
Castres;158104
Caulnes;73308
Ceintrey;2568
Cergy le Haut;7096311
Chabris;30059
Chalais;31156
Challans;208494
Châlons-en-Champagne;811432
Chamelet;13668
Champagné;17740
Champagne-sur-Oise;344537
Champigny sur Yonne;98611
Champlan;0
Champs - Saint-Bris;2551
Chantonnay;16772
Charmes;360594
Chars;200713
Château-du-Loir;141544
Château-Gaillard;7509
Château-l'Évêque;2326
Châteauneuf-sur-Charente;48173
Châteauroux;733059
Chedde;24235
Chézy-sur-Marne;113397
Chilly-Mazarin;848244
Chinon;174059
Clichy - Levallois;11232100
Collonges-lès-Premières;43636
Colmar Mésanges;3007
Colroy - Lubine;0
Compiègne;2341622
Connerré - Beillé;98889
Corbeil-Essonnes;8129611
Corcieux Vanémont;2735
Cordes - Vindrac;13406
Coulanges-sur-Yonne;4474
Coursan;3789
Courthézon;33392
Courville-sur-Eure;478799
Cravant - Bazarnes;15063
Creil;5224702
Crépy-en-Valois;1613556
Crissé;1033
Cuers - Pierrefeu;105189
Cugand;39228
Culmont - Chalindrey;73190
Damiatte - Saint-Paul;26717
Dannemarie - Velesmes;40026
Dannes - Camiers;11836
Dercy - Froidmont;8642
Deville;32295
Dieulouard;113680
Dijon Porte Neuve;106372
Dinan;92068
Dives-sur-Mer - Cabourg;26502
Docelles - Cheniménil;10443
Dombasle-sur-Meurthe;291082
Domblans - Voiteur;33201
Domfront-en-Champagne;6928
Domont;2515498
Dompierre-sur-Helpe;1695
Donchery;41728
Donzère;30544
Dourdan La Forêt;344253
Dourges;209548
Dreuil-lès-Amiens;4898
Ebersheim;19355
Ébersviller;111
École-Valentin;8658
Écommoy;74026
Écouché;734
Écouen - Ézanville;1737430
Einvaux;4821
Émerainville - Pontault-Combault;3975775
Ennevelin;3183
Épinay-sur-Orge;2236797
Épinay-sur-Seine;5747660
Épluches;75481
Erdre-Active;43072
Espéraza;975
Estressin;114242
Étalans;60802
Étigny - Véron;7022
Étriché - Châteauneuf;38051
Évry-Courcouronnes;9299239
Èze;195128
Faubourg d'Orléans;89561
Faulquemont;190244
Fegersheim - Lipsheim;125454
Feuquières - Broquiers;32339
Feurs;172283
Flavy-le-Martel;15008
Flers;144527
Flez-Cuzy - Tannay;2766
Fontaines - Mercurey;52096
Fontaines-d'Ozillac;0
Fontenoy-sur-Moselle;2520
Font-Romeu-Odeillo-Via;65103
Forbach;330425
Fouday;11309
Freistroff;2073
Fréjus;179522
Frontignan;432281
Gaillon - Aubevoye;550836
Gambsheim;207706
Gan;5149
Gardonne;38203
Gare routière de La-Voulte-sur-Rhône;1406
Gargan;5708651
Gevrey-Chambertin;102990
Gièvres;72650
Golfech;161
Graffenwald;84897
Gramat;20641
Grand Bourg;249760
Grenoble;7993812
Grésy-sur-Aix;92911
Grésy-sur-Isère;12966
Gretz-Armainvilliers;832033
Grigny Centre;6155100
Groisy - Thorens - La Caille;101768
Gudmont;1469
Guichen - Bourg-des-Comptes;191540
Gundershoffen;106807
Harfleur Halte;4022
Hargarten-aux-Mines - Falck;3896
Hargicourt - Pierrepont;18689
Haybes;33619
Heilles - Mouchy;5848
Hellemmes;1231
Hermes - Berthecourt;120555
Hettange-Grande;497593
Hirson Écoles;36572
Hochfelden;250777
Hoelschloch;24275
Hombourg-Budange;483
Houilles - Carrières-sur-Seine;15852935
Houlgate;14635
Huriel;34
Illiers-Combray;301838
Isles - Armentières - Congis;85504
Iwuy;5768
Jarrie - Vizille;18757
Jarville-la-Malgrange;47559
Joigny-sur-Meuse;11957
Juziers;361367
Kédange;4150
Kruth;25710
La Barre Ormesson;2886266
La Bassée - Violaines;277429
La Bernerie-en-Retz;46940
La Bohalle;24044
La Brigue;4102
La Chapelle - Aulnay;28376
La Ferté-Imbault;16548
La Ferté-Saint-Aubin;216954
La Ferté-sous-Jouarre;1443454
La Fontaine;3857
La Grave d'Ambarès;29282
La Mothe-Saint-Héray;3675
La Poterie;54075
La Rochefoucauld;2
La Roche-Maurice;18632
La Roche-sur-Foron;547357
L'Abbaye;939766
Laboissière - Le Déluge;47951
Lagny - Thorigny;3156126
Laigné - Saint-Gervais;23092
Lalande Église;0
Lalbenque - Fontanes;31861
Landévant;66157
Laneuveville-devant-Nancy;8149
Langeais;290764
Lannemezan;109660
Lannion;299750
Laqueuille;14290
Laragne-Montéglin;18312
Laroche - Migennes;655530
Laroquebrou;3741
Le Bras de Fer;2426400
Le Bruel;23
Le Bugue;10534
Le Cailar;8480
Le Cellier;61429
Le Chambon-Feugerolles;30742
Le Dramont;18042
Le Haut Banc;1359
Le Havre;1875316
Le Lioran;11384
Le Luc - Le Cannet;51849
Le Mans;5048028
Le Meux - La Croix-Saint-Ouen;44161
Le Pouliguen;108811
Le Puy-en-Velay;288773
Le Vieux Briollay;18059
Lentilly Charpenay;226783
Lépanges;1992
Les Abrets - Fitilieu;4918
Les Arcs - Draguignan;984891
Les Bons Pères;554
Les Cabannes;10768
Les Cauquillous;15587
Les Échets;163815
Les Flachères;969
Les Longevilles-Rochejean;368
Les Martres-de-Veyre;162477
Les Moutiers-en-Retz;28213
Les Saules;1030114
Lestelle;355
Leucate La Franqui;107549
Leval;2955
L'Herbergement - Les Brouzils;120199
L'Hospitalet-près-l'Andorre;16950
Lille Porte de Douai;34090
Limoges Bénédictins;1805383
Limoux Flassian;8990
Lingolsheim;70732
L'Isle-d'Abeau;294375
Lisle-sur-Tarn;102884
Lizy-sur-Ourcq;307473
Loivre;43778
Longpré-les-Corps-Saints;135919
Louvroil;2460
Ludres;21795
Lunel;754365
Lunery;661
Lunéville;963743
Luxé;30018
Luzarches;482916
Lyon Perrache;7132629
Lyon Saint-Paul;1561710
Machecoul;96863
Mâcon Loché TGV;440823
Magnette;950
Magneux - Courlandon;20269
Maillé;39773
Maizières-lès-Metz;266195
Malause;9
Mantes-la-Jolie;8323186
Marbache;24767
Marignier;164852
Marlieux - Châtillon;132752
Marmagne sous Creusot;53
Marquise - Rinxent;149409
Marsac-sur-l'Isle;128
Marseille Blancarde;663750
Marssac-sur-Tarn;11976
Martigné-Ferchaud;13457
Massérac;6406
Massy - Palaiseau;3755971
Massy - Verrières;272986
Maubeuge;513226
Mauzens-et-Miremont;0
Mazingarbe;1327
Merrey;0
Méry-sur-Oise;687680
Messein;12242
Mesvres;4257
Metzeral;50970
Meung-sur-Loire;395501
Meuse TGV;263062
Mohon;12787
Molinges;1817
Monestier-de-Clermont;19912
Monsempron-Libos;37756
Mont de Terre;185
Montauban-de-Bretagne;278042
Montbartier;80459
Montbéliard;601319
Montceau-les-Mines;99863
Monteux;96193
Montfort-sur-Meu;493201
Montgeron - Crosne;3365599
Montgeroult - Courcelles;24391
Mont-Louis - La Cabanasse;85238
Montluçon;268390
Montmoreau;19020
Montpellier Saint-Roch;7646291
Montrond-les-Bains;104989
Mont-sur-Meurthe;11591
Morvillars;9808
Mothern;5002
Motteville;63184
Mouroux;93212
Moûtiers - Salins - Brides-les-Bains;418763
Moyeuvre-Grande;43655
Muhlbach-sur-Munster;23150
Mulhouse Musées;0
Naintré;32089
Nantes;15512154
Nantiat;18794
Neufchâtel-Hardelot;19104
Nexon;56990
Nice Riquier;2350877
Niversac;11239
Noisy-le-Sec;15647951
Nonant-le-Pin;1
Nortkerque;5755
Nouan-le-Fuzelier;40834
Nouzonville;46478
Noyelles-sur-Mer;110387
Noyen-sur-Sarthe;31682
Nuits-Saint-Georges;272147
Nyer;281
Obermodern-Zutzendorf;226246
Ogeu-les-Bains;11587
Oloron-Sainte-Marie;110312
Onzain - Chaumont-sur-Loire;232704
Orléans;4420737
Ostricourt;183609
Oullins;190323
Pantin;8207191
Pau;1234139
Paulhaguet;2160
Pernes - Camblain;14043
Perpignan;1809687
Perrignier;85299
Pessac;1039275
Pibrac;98791
Plaisir - Grignon;2336338
Plaisir - Les Clayes;795995
Plancoët;13965
Pléchâtel;41764
Plouaret Trégor;159840
Plouigneau;3043
Pointe de Grave;1700
Polliat;6999
Pompadour;1790
Pompey;83327
Pont de Lignon;1260
Pont-à-Mousson;1067490
Pontanevaux;39660
Pontgouin;41047
Pont-l'Évêque;123946
Pontmort;17410
Pontoise;7676107
Pont-Saint-Esprit;7241
Porchefontaine;723565
Pornichet;180508
Port-Sainte-Marie;66274
Port-Saint-Père - Saint-Mars;53306
Pouzauges;1857
Praye sous Vaudémont;153
Précy-sur-Oise;75302
Prin-Deyrançon;5100
Prunay;7299
Pruniers-en-Sologne;8571
Quillan;35958
Quimper;1483787
Rabastens - Coufouleux;199016
Ranchot;53452
Raon-l'Étape;119015
Reuilly;33387
Rilly-la-Montagne;92751
Ris-Orangis;1133508
Roissy-en-Brie;2879867
Romilly-sur-Seine;352333
Romorantin-Lanthenay;0
Ronchin;60809
Rosières;139903
Rosny-sous-Bois;5361506
Rosporden;234588
Rothau;158758
Rouessé-Vassé;2160
Rue;164345
Ruffec;80719
Saincaize-Meauce;2865
Saint-Agne;1053068
Saint-Amand-les-Eaux;722381
Saint-André-le-Gaz;185230
Saint-Béron - La Bridoire;12472
Saint-Bonnet-de-Rochefort;5514
Saint-Chamond;682864
Saint-Égrève Saint-Robert;76528
Sainte-Marguerite;4
Saint-Étienne Bellevue;127259
Saint-Étienne Châteaucreux;3685091
Saint-Étienne-de-Montluc;134310
Saint-Geniès-de-Malgoirès;82971
Saint-Georges-de-Luzençon;707
Saint-Georges-de-Reneins;74388
Saint-Germain-des-Fossés;154050
Saint-Germain-sur-Ille;70433
Saint-Hilaire-de-Riez;65412
Saint-Jean-de-Maurienne Arvan;299869
Saint-Jory;241185
Saint-Laurent-de-la-Prée - Fouras;39829
Saint-Léger-sur-Dheune;15354
Saint-Marcel;33614
Saint-Marcellin;569062
Saint-Martin du Touch;10826
Saint-Maurice-de-Beynost;208733
Saint-Michel Notre-Dame;22763184
Saint-Michel-sur-Orge;2863633
Saint-Omer;886185
Saint-Pierre-le-Moûtier;17490
Saint-Rambert-d'Albon;338699
Saint-Raphaël;1358265
Saint-Saturnin-lès-Avignon;28764
Saint-Sébastien;4818
Saint-Senoux - Pléchâtel;17992
Saint-Sever;0
Saint-Victor-l'Abbaye;12871
Saint-Victurnien;7943
Saint-Vit;176102
Sanry-sur-Nied;8579
Santeuil - Le Perchay;35168
Sarcelles - Saint-Brice;5440971
Sarreguemines;457024
Saumur;815965
Sauveterre-la-Lémance;1446
Savigny-le-Temple - Nandy;3489606
Selles-sur-Cher;31557
Seltz;49668
Sept-Saulx;20435
Sérézin-du-Rhône;263234
Serqueux;79619
Serres;11638
Servon-sur-Vilaine;164831
Servoz;13058
Sète;1295199
Seugy;60917
Sèvres Rive Gauche;1725455
Sotteville-lès-Rouen;10827
Soulac-sur-Mer;60670
Stade de France Saint-Denis;7844102
Staffelfelden;65893
Stephansfeld;29958
Strazeele;55301
Tarascon;209311
Tergnier;507490
Thann Centre;44853
Thionville;3324941
Thuès les Bains;478
Tillières-sur-Avre;0
Torpes - Boussières;3799
Toulon Sainte-Musse;0
Tournon;266
Tournus;411023
Tours;6248554
Trappes;3413529
Triel-sur-Seine;771326
Trois Chênes;18236
Trouville - Deauville;879946
Uckange;686225
Val d'Argenteuil;6287678
Val de Fontenay;16450965
Valdahon;210288
Valergues - Lansargues;18922
Varennes-sur-Allier;103066
Varilhes;54551
Vendôme;105704
Verdun;181819
Verneuil-sur-Avre;162904
Vernon - Giverny;2026943
Vierzon;1119849
Vierzy;555
Vieux-Thann;154416
Vif;41839
Villeneuve Triage;1092378
Villeparisis - Mitry-le-Neuf;3855727
Villepinte;2192462
Villepreux - Les Clayes;1665949
Villers-les-Pots;2416
Villers-sur-Mer;6722
Vimy;20615
Vitré;976658
Vitrolles Aéroport Marseille Provence;548809
Vivoin - Beaumont;41499
Walbach;2522
Wissembourg;250964
Wittring;1927
Ygos-Saint-Saturnin;38618
Yutz;2021
Zillisheim;24942
